{
  "dev": {
    "awscloudformation": {
      "AuthRoleName": "amplify-myapp-dev-155658-authRole",
      "UnauthRoleArn": "arn:aws:iam::374304725269:role/amplify-myapp-dev-155658-unauthRole",
      "AuthRoleArn": "arn:aws:iam::374304725269:role/amplify-myapp-dev-155658-authRole",
      "Region": "us-east-1",
      "DeploymentBucketName": "amplify-myapp-dev-155658-deployment",
      "UnauthRoleName": "amplify-myapp-dev-155658-unauthRole",
      "StackName": "amplify-myapp-dev-155658",
      "StackId": "arn:aws:cloudformation:us-east-1:374304725269:stack/amplify-myapp-dev-155658/8b2796e0-be88-11ec-9266-0e8cfc7da511",
      "AmplifyAppId": "d3oatu8ktz3xzm"
    },
    "categories": {
      "auth": {
        "myappd1eec7e0": {}
      }
    }
  }
}