{
  "providers": {
    "awscloudformation": {
      "AuthRoleName": "amplify-myapp-dev-155658-authRole",
      "UnauthRoleArn": "arn:aws:iam::374304725269:role/amplify-myapp-dev-155658-unauthRole",
      "AuthRoleArn": "arn:aws:iam::374304725269:role/amplify-myapp-dev-155658-authRole",
      "Region": "us-east-1",
      "DeploymentBucketName": "amplify-myapp-dev-155658-deployment",
      "UnauthRoleName": "amplify-myapp-dev-155658-unauthRole",
      "StackName": "amplify-myapp-dev-155658",
      "StackId": "arn:aws:cloudformation:us-east-1:374304725269:stack/amplify-myapp-dev-155658/8b2796e0-be88-11ec-9266-0e8cfc7da511",
      "AmplifyAppId": "d3oatu8ktz3xzm"
    }
  },
  "auth": {
    "myappd1eec7e0": {
      "service": "Cognito",
      "providerPlugin": "awscloudformation",
      "dependsOn": [],
      "customAuth": false,
      "frontendAuthConfig": {
        "socialProviders": [],
        "usernameAttributes": [],
        "signupAttributes": [
          "EMAIL"
        ],
        "passwordProtectionSettings": {
          "passwordPolicyMinLength": 8,
          "passwordPolicyCharacters": []
        },
        "mfaConfiguration": "OFF",
        "mfaTypes": [
          "SMS"
        ],
        "verificationMechanisms": [
          "EMAIL"
        ]
      },
      "providerMetadata": {
        "s3TemplateURL": "https://s3.amazonaws.com/amplify-myapp-dev-155658-deployment/amplify-cfn-templates/auth/myappd1eec7e0-cloudformation-template.json",
        "logicalId": "authmyappd1eec7e0"
      },
      "lastPushTimeStamp": "2022-04-18T13:15:39.973Z",
      "output": {
        "UserPoolId": "us-east-1_8FkabTqRj",
        "AppClientIDWeb": "25aldt3ofm5slr0s00tk2l28c5",
        "AppClientID": "4sb4ittnpglkgego5epj45r61h",
        "IdentityPoolId": "us-east-1:5b7e2315-2430-42f3-8d5e-6675970efc53",
        "UserPoolArn": "arn:aws:cognito-idp:us-east-1:374304725269:userpool/us-east-1_8FkabTqRj",
        "IdentityPoolName": "myappd1eec7e0_identitypool_d1eec7e0__dev",
        "UserPoolName": "myappd1eec7e0_userpool_d1eec7e0"
      },
      "lastPushDirHash": "Yiy//rEEhS0HMD4NQ5TMBvssZ9o="
    }
  },
  "api": {
    "myapp": {
      "service": "AppSync",
      "providerPlugin": "awscloudformation",
      "dependsOn": [],
      "output": {
        "authConfig": {
          "defaultAuthentication": {
            "authenticationType": "API_KEY",
            "apiKeyConfig": {
              "apiKeyExpirationDays": 7,
              "apiKeyExpirationDate": "2022-04-25T13:11:24.340Z",
              "description": "api key"
            }
          },
          "additionalAuthenticationProviders": []
        },
        "GraphQLAPIIdOutput": "b7pd6t43lnd3hi2ohh35yh24ji",
        "GraphQLAPIEndpointOutput": "https://5l7ra7tjmrbjpp4ypfumre3djm.appsync-api.us-east-1.amazonaws.com/graphql",
        "GraphQLAPIKeyOutput": "da2-qdklox7sgja4bmz7omtpvjktxa"
      },
      "providerMetadata": {
        "s3TemplateURL": "https://s3.amazonaws.com/amplify-myapp-dev-155658-deployment/amplify-cfn-templates/api/cloudformation-template.json",
        "logicalId": "apimyapp"
      },
      "lastPushTimeStamp": "2022-04-18T13:15:41.200Z",
      "lastPushDirHash": "RoOS+GWgrPQM2i0PFvSgiLM3jxA="
    }
  }
}